{
	"name": "gitdata1",
	"properties": {
		"linkedServiceName": {
			"referenceName": "GitData",
			"type": "LinkedServiceReference"
		},
		"parameters": {
			"p_files": {
				"type": "string"
			}
		},
		"annotations": [],
		"type": "DelimitedText",
		"typeProperties": {
			"location": {
				"type": "HttpServerLocation",
				"relativeUrl": {
					"value": "@dataset().p_files",
					"type": "Expression"
				}
			},
			"columnDelimiter": ",",
			"escapeChar": "\\",
			"firstRowAsHeader": true,
			"quoteChar": "\""
		},
		"schema": []
	},
	"type": "Microsoft.DataFactory/factories/datasets"
}