{
	"name": "Parquet1",
	"properties": {
		"linkedServiceName": {
			"referenceName": "AzureLS",
			"type": "LinkedServiceReference"
		},
		"parameters": {
			"p_folder": {
				"type": "String"
			},
			"p_file": {
				"type": "string"
			}
		},
		"annotations": [],
		"type": "Parquet",
		"typeProperties": {
			"location": {
				"type": "AzureBlobFSLocation",
				"fileName": {
					"value": "@dataset().p_file",
					"type": "Expression"
				},
				"folderPath": {
					"value": "@dataset().p_folder",
					"type": "Expression"
				},
				"fileSystem": "bronze"
			},
			"compressionCodec": "snappy"
		},
		"schema": []
	},
	"type": "Microsoft.DataFactory/factories/datasets"
}