{
	"name": "pjson",
	"properties": {
		"linkedServiceName": {
			"referenceName": "AzureLS",
			"type": "LinkedServiceReference"
		},
		"annotations": [],
		"type": "Json",
		"typeProperties": {
			"location": {
				"type": "AzureBlobFSLocation",
				"fileName": "p.json",
				"fileSystem": "bronze"
			}
		},
		"schema": {
			"type": "object",
			"properties": {
				"p_rel_url": {
					"type": "string"
				},
				"p_folder": {
					"type": "string"
				},
				"p_file": {
					"type": "string"
				}
			}
		}
	},
	"type": "Microsoft.DataFactory/factories/datasets"
}