{
	"$schema": "http://schema.management.azure.com/schemas/2015-01-01/deploymentTemplate.json#",
	"contentVersion": "1.0.0.0",
	"parameters": {
		"factoryName": {
			"type": "string",
			"metadata": "Data Factory name",
			"defaultValue": "azureADF143"
		},
		"AzureLS_accountKey": {
			"type": "secureString",
			"metadata": "Secure string for 'accountKey' of 'AzureLS'"
		},
		"AzureLS_properties_typeProperties_url": {
			"type": "string",
			"defaultValue": "https://azuredevops143.dfs.core.windows.net/"
		},
		"GitData_properties_typeProperties_url": {
			"type": "string",
			"defaultValue": "https://raw.githubusercontent.com/"
		}
	},
	"variables": {
		"factoryId": "[concat('Microsoft.DataFactory/factories/', parameters('factoryName'))]"
	},
	"resources": [
		{
			"name": "[concat(parameters('factoryName'), '/azdpip')]",
			"type": "Microsoft.DataFactory/factories/pipelines",
			"apiVersion": "2018-06-01",
			"properties": {
				"activities": [
					{
						"name": "Lookup1",
						"type": "Lookup",
						"dependsOn": [],
						"policy": {
							"timeout": "0.12:00:00",
							"retry": 0,
							"retryIntervalInSeconds": 30,
							"secureOutput": false,
							"secureInput": false
						},
						"userProperties": [],
						"typeProperties": {
							"source": {
								"type": "JsonSource",
								"storeSettings": {
									"type": "AzureBlobFSReadSettings",
									"recursive": true,
									"enablePartitionDiscovery": false
								},
								"formatSettings": {
									"type": "JsonReadSettings"
								}
							},
							"dataset": {
								"referenceName": "pjson",
								"type": "DatasetReference",
								"parameters": {}
							},
							"firstRowOnly": false
						}
					},
					{
						"name": "ForEachcsv",
						"type": "ForEach",
						"dependsOn": [
							{
								"activity": "Lookup1",
								"dependencyConditions": [
									"Succeeded"
								]
							}
						],
						"userProperties": [],
						"typeProperties": {
							"items": {
								"value": "@activity('Lookup1').output.value",
								"type": "Expression"
							},
							"activities": [
								{
									"name": "GettoBronz",
									"type": "Copy",
									"dependsOn": [],
									"policy": {
										"timeout": "0.12:00:00",
										"retry": 0,
										"retryIntervalInSeconds": 30,
										"secureOutput": false,
										"secureInput": false
									},
									"userProperties": [],
									"typeProperties": {
										"source": {
											"type": "DelimitedTextSource",
											"storeSettings": {
												"type": "HttpReadSettings",
												"requestMethod": "GET"
											},
											"formatSettings": {
												"type": "DelimitedTextReadSettings"
											}
										},
										"sink": {
											"type": "ParquetSink",
											"storeSettings": {
												"type": "AzureBlobFSWriteSettings"
											},
											"formatSettings": {
												"type": "ParquetWriteSettings"
											}
										},
										"enableStaging": false,
										"enableSkipIncompatibleRow": true,
										"logSettings": {
											"enableCopyActivityLog": true,
											"copyActivityLogSettings": {
												"logLevel": "Warning",
												"enableReliableLogging": false
											},
											"logLocationSettings": {
												"linkedServiceName": {
													"referenceName": "AzureLS",
													"type": "LinkedServiceReference"
												}
											}
										},
										"translator": {
											"type": "TabularTranslator",
											"typeConversion": true,
											"typeConversionSettings": {
												"allowDataTruncation": true,
												"treatBooleanAsNumber": false
											}
										}
									},
									"inputs": [
										{
											"referenceName": "gitdata1",
											"type": "DatasetReference",
											"parameters": {
												"p_files": {
													"value": "@item().p_rel_url",
													"type": "Expression"
												}
											}
										}
									],
									"outputs": [
										{
											"referenceName": "Parquet1",
											"type": "DatasetReference",
											"parameters": {
												"p_folder": {
													"value": "@item().p_folder",
													"type": "Expression"
												},
												"p_file": {
													"value": "@item().p_file",
													"type": "Expression"
												}
											}
										}
									]
								}
							]
						}
					}
				],
				"policy": {
					"elapsedTimeMetric": {}
				},
				"annotations": []
			},
			"dependsOn": [
				"[concat(variables('factoryId'), '/datasets/pjson')]",
				"[concat(variables('factoryId'), '/datasets/gitdata1')]",
				"[concat(variables('factoryId'), '/datasets/Parquet1')]",
				"[concat(variables('factoryId'), '/linkedServices/AzureLS')]"
			]
		},
		{
			"name": "[concat(parameters('factoryName'), '/highad')]",
			"type": "Microsoft.DataFactory/factories/pipelines",
			"apiVersion": "2018-06-01",
			"properties": {
				"activities": [
					{
						"name": "Get Metadata",
						"type": "GetMetadata",
						"dependsOn": [],
						"policy": {
							"timeout": "0.12:00:00",
							"retry": 0,
							"retryIntervalInSeconds": 30,
							"secureOutput": false,
							"secureInput": false
						},
						"userProperties": [],
						"typeProperties": {
							"dataset": {
								"referenceName": "Azcsv",
								"type": "DatasetReference",
								"parameters": {}
							},
							"fieldList": [
								"childItems"
							],
							"storeSettings": {
								"type": "AzureBlobFSReadSettings",
								"recursive": true,
								"enablePartitionDiscovery": false
							},
							"formatSettings": {
								"type": "DelimitedTextReadSettings"
							}
						}
					},
					{
						"name": "ForEach",
						"type": "ForEach",
						"dependsOn": [
							{
								"activity": "Get Metadata",
								"dependencyConditions": [
									"Succeeded"
								]
							}
						],
						"userProperties": [],
						"typeProperties": {
							"items": {
								"value": "@activity('Get Metadata').output.childItems",
								"type": "Expression"
							},
							"activities": [
								{
									"name": "If Condition",
									"type": "IfCondition",
									"dependsOn": [],
									"userProperties": [],
									"typeProperties": {
										"expression": {
											"value": "@and(equals(item().name,'nocs.csv'),equals(item().Type,'File' ))",
											"type": "Expression"
										},
										"ifFalseActivities": [
											{
												"name": "Append variable",
												"type": "AppendVariable",
												"dependsOn": [],
												"userProperties": [],
												"typeProperties": {
													"variableName": "v_file_arr",
													"value": {
														"value": "@item().name",
														"type": "Expression"
													}
												}
											}
										],
										"ifTrueActivities": [
											{
												"name": "Copy data1",
												"type": "Copy",
												"dependsOn": [],
												"policy": {
													"timeout": "0.12:00:00",
													"retry": 0,
													"retryIntervalInSeconds": 30,
													"secureOutput": false,
													"secureInput": false
												},
												"userProperties": [],
												"typeProperties": {
													"source": {
														"type": "DelimitedTextSource",
														"storeSettings": {
															"type": "AzureBlobFSReadSettings",
															"recursive": true,
															"enablePartitionDiscovery": false
														},
														"formatSettings": {
															"type": "DelimitedTextReadSettings"
														}
													},
													"sink": {
														"type": "DelimitedTextSink",
														"storeSettings": {
															"type": "AzureBlobFSWriteSettings"
														},
														"formatSettings": {
															"type": "DelimitedTextWriteSettings",
															"quoteAllText": true,
															"fileExtension": ".txt"
														}
													},
													"enableStaging": false,
													"translator": {
														"type": "TabularTranslator",
														"typeConversion": true,
														"typeConversionSettings": {
															"allowDataTruncation": true,
															"treatBooleanAsNumber": false
														}
													}
												},
												"inputs": [
													{
														"referenceName": "ads_csv",
														"type": "DatasetReference",
														"parameters": {
															"p_container": "source",
															"p_folder": "rawdata",
															"p_file": {
																"value": "@item().name",
																"type": "Expression"
															}
														}
													}
												],
												"outputs": [
													{
														"referenceName": "ads_csv",
														"type": "DatasetReference",
														"parameters": {
															"p_container": "silver",
															"p_folder": "nocs",
															"p_file": {
																"value": "@item().name",
																"type": "Expression"
															}
														}
													}
												]
											}
										]
									}
								}
							]
						}
					},
					{
						"name": "Set FileCount",
						"type": "SetVariable",
						"dependsOn": [
							{
								"activity": "ForEach",
								"dependencyConditions": [
									"Completed"
								]
							}
						],
						"policy": {
							"secureOutput": false,
							"secureInput": false
						},
						"userProperties": [],
						"typeProperties": {
							"variableName": "v_file_no",
							"value": {
								"value": "@length(variables('v_file_arr'))",
								"type": "Expression"
							}
						}
					},
					{
						"name": "Set FileName",
						"type": "SetVariable",
						"dependsOn": [
							{
								"activity": "ForEach",
								"dependencyConditions": [
									"Completed"
								]
							}
						],
						"policy": {
							"secureOutput": false,
							"secureInput": false
						},
						"userProperties": [],
						"typeProperties": {
							"variableName": "v_file_name",
							"value": {
								"value": "@string(variables('v_file_arr'))",
								"type": "Expression"
							}
						}
					}
				],
				"policy": {
					"elapsedTimeMetric": {}
				},
				"variables": {
					"v_file_name": {
						"type": "String"
					},
					"v_file_no": {
						"type": "Integer"
					},
					"v_file_arr": {
						"type": "Array"
					}
				},
				"annotations": []
			},
			"dependsOn": [
				"[concat(variables('factoryId'), '/datasets/Azcsv')]",
				"[concat(variables('factoryId'), '/datasets/ads_csv')]"
			]
		},
		{
			"name": "[concat(parameters('factoryName'), '/Azcsv')]",
			"type": "Microsoft.DataFactory/factories/datasets",
			"apiVersion": "2018-06-01",
			"properties": {
				"linkedServiceName": {
					"referenceName": "AzureLS",
					"type": "LinkedServiceReference"
				},
				"annotations": [],
				"type": "DelimitedText",
				"typeProperties": {
					"location": {
						"type": "AzureBlobFSLocation",
						"folderPath": "rawdata",
						"fileSystem": "source"
					},
					"columnDelimiter": ",",
					"escapeChar": "\\",
					"firstRowAsHeader": true,
					"quoteChar": "\""
				},
				"schema": [
					{
						"name": "code",
						"type": "String"
					},
					{
						"name": "current",
						"type": "String"
					},
					{
						"name": "name",
						"type": "String"
					},
					{
						"name": "name_short",
						"type": "String"
					},
					{
						"name": "name_tv",
						"type": "String"
					},
					{
						"name": "gender",
						"type": "String"
					},
					{
						"name": "function",
						"type": "String"
					},
					{
						"name": "country_code",
						"type": "String"
					},
					{
						"name": "country",
						"type": "String"
					},
					{
						"name": "country_long",
						"type": "String"
					},
					{
						"name": "nationality",
						"type": "String"
					},
					{
						"name": "nationality_long",
						"type": "String"
					},
					{
						"name": "nationality_code",
						"type": "String"
					},
					{
						"name": "height",
						"type": "String"
					},
					{
						"name": "weight",
						"type": "String"
					},
					{
						"name": "disciplines",
						"type": "String"
					},
					{
						"name": "events",
						"type": "String"
					},
					{
						"name": "birth_date",
						"type": "String"
					},
					{
						"name": "birth_place",
						"type": "String"
					},
					{
						"name": "birth_country",
						"type": "String"
					},
					{
						"name": "residence_place",
						"type": "String"
					},
					{
						"name": "residence_country",
						"type": "String"
					},
					{
						"name": "nickname",
						"type": "String"
					},
					{
						"name": "hobbies",
						"type": "String"
					},
					{
						"name": "occupation",
						"type": "String"
					},
					{
						"name": "education",
						"type": "String"
					},
					{
						"name": "family",
						"type": "String"
					},
					{
						"name": "lang",
						"type": "String"
					},
					{
						"name": "coach",
						"type": "String"
					},
					{
						"name": "reason",
						"type": "String"
					},
					{
						"name": "hero",
						"type": "String"
					},
					{
						"name": "influence",
						"type": "String"
					},
					{
						"name": "philosophy",
						"type": "String"
					},
					{
						"name": "sporting_relatives",
						"type": "String"
					},
					{
						"name": "ritual",
						"type": "String"
					},
					{
						"name": "other_sports",
						"type": "String"
					}
				]
			},
			"dependsOn": [
				"[concat(variables('factoryId'), '/linkedServices/AzureLS')]"
			]
		},
		{
			"name": "[concat(parameters('factoryName'), '/Parquet1')]",
			"type": "Microsoft.DataFactory/factories/datasets",
			"apiVersion": "2018-06-01",
			"properties": {
				"linkedServiceName": {
					"referenceName": "AzureLS",
					"type": "LinkedServiceReference"
				},
				"parameters": {
					"p_folder": {
						"type": "String"
					},
					"p_file": {
						"type": "string"
					}
				},
				"annotations": [],
				"type": "Parquet",
				"typeProperties": {
					"location": {
						"type": "AzureBlobFSLocation",
						"fileName": {
							"value": "@dataset().p_file",
							"type": "Expression"
						},
						"folderPath": {
							"value": "@dataset().p_folder",
							"type": "Expression"
						},
						"fileSystem": "bronze"
					},
					"compressionCodec": "snappy"
				},
				"schema": []
			},
			"dependsOn": [
				"[concat(variables('factoryId'), '/linkedServices/AzureLS')]"
			]
		},
		{
			"name": "[concat(parameters('factoryName'), '/ads_csv')]",
			"type": "Microsoft.DataFactory/factories/datasets",
			"apiVersion": "2018-06-01",
			"properties": {
				"linkedServiceName": {
					"referenceName": "AzureLS",
					"type": "LinkedServiceReference"
				},
				"parameters": {
					"p_container": {
						"type": "string"
					},
					"p_folder": {
						"type": "string"
					},
					"p_file": {
						"type": "string"
					}
				},
				"annotations": [],
				"type": "DelimitedText",
				"typeProperties": {
					"location": {
						"type": "AzureBlobFSLocation",
						"fileName": {
							"value": "@dataset().p_file",
							"type": "Expression"
						},
						"folderPath": {
							"value": "@dataset().p_folder",
							"type": "Expression"
						},
						"fileSystem": {
							"value": "@dataset().p_container",
							"type": "Expression"
						}
					},
					"columnDelimiter": ",",
					"escapeChar": "\\",
					"firstRowAsHeader": true,
					"quoteChar": "\""
				},
				"schema": [
					{
						"name": "code",
						"type": "String"
					},
					{
						"name": "current",
						"type": "String"
					},
					{
						"name": "name",
						"type": "String"
					},
					{
						"name": "name_short",
						"type": "String"
					},
					{
						"name": "name_tv",
						"type": "String"
					},
					{
						"name": "gender",
						"type": "String"
					},
					{
						"name": "function",
						"type": "String"
					},
					{
						"name": "country_code",
						"type": "String"
					},
					{
						"name": "country",
						"type": "String"
					},
					{
						"name": "country_long",
						"type": "String"
					},
					{
						"name": "nationality",
						"type": "String"
					},
					{
						"name": "nationality_long",
						"type": "String"
					},
					{
						"name": "nationality_code",
						"type": "String"
					},
					{
						"name": "height",
						"type": "String"
					},
					{
						"name": "weight",
						"type": "String"
					},
					{
						"name": "disciplines",
						"type": "String"
					},
					{
						"name": "events",
						"type": "String"
					},
					{
						"name": "birth_date",
						"type": "String"
					},
					{
						"name": "birth_place",
						"type": "String"
					},
					{
						"name": "birth_country",
						"type": "String"
					},
					{
						"name": "residence_place",
						"type": "String"
					},
					{
						"name": "residence_country",
						"type": "String"
					},
					{
						"name": "nickname",
						"type": "String"
					},
					{
						"name": "hobbies",
						"type": "String"
					},
					{
						"name": "occupation",
						"type": "String"
					},
					{
						"name": "education",
						"type": "String"
					},
					{
						"name": "family",
						"type": "String"
					},
					{
						"name": "lang",
						"type": "String"
					},
					{
						"name": "coach",
						"type": "String"
					},
					{
						"name": "reason",
						"type": "String"
					},
					{
						"name": "hero",
						"type": "String"
					},
					{
						"name": "influence",
						"type": "String"
					},
					{
						"name": "philosophy",
						"type": "String"
					},
					{
						"name": "sporting_relatives",
						"type": "String"
					},
					{
						"name": "ritual",
						"type": "String"
					},
					{
						"name": "other_sports",
						"type": "String"
					}
				]
			},
			"dependsOn": [
				"[concat(variables('factoryId'), '/linkedServices/AzureLS')]"
			]
		},
		{
			"name": "[concat(parameters('factoryName'), '/gitdata1')]",
			"type": "Microsoft.DataFactory/factories/datasets",
			"apiVersion": "2018-06-01",
			"properties": {
				"linkedServiceName": {
					"referenceName": "GitData",
					"type": "LinkedServiceReference"
				},
				"parameters": {
					"p_files": {
						"type": "string"
					}
				},
				"annotations": [],
				"type": "DelimitedText",
				"typeProperties": {
					"location": {
						"type": "HttpServerLocation",
						"relativeUrl": {
							"value": "@dataset().p_files",
							"type": "Expression"
						}
					},
					"columnDelimiter": ",",
					"escapeChar": "\\",
					"firstRowAsHeader": true,
					"quoteChar": "\""
				},
				"schema": []
			},
			"dependsOn": [
				"[concat(variables('factoryId'), '/linkedServices/GitData')]"
			]
		},
		{
			"name": "[concat(parameters('factoryName'), '/pjson')]",
			"type": "Microsoft.DataFactory/factories/datasets",
			"apiVersion": "2018-06-01",
			"properties": {
				"linkedServiceName": {
					"referenceName": "AzureLS",
					"type": "LinkedServiceReference"
				},
				"annotations": [],
				"type": "Json",
				"typeProperties": {
					"location": {
						"type": "AzureBlobFSLocation",
						"fileName": "p.json",
						"fileSystem": "bronze"
					}
				},
				"schema": {
					"type": "object",
					"properties": {
						"p_rel_url": {
							"type": "string"
						},
						"p_folder": {
							"type": "string"
						},
						"p_file": {
							"type": "string"
						}
					}
				}
			},
			"dependsOn": [
				"[concat(variables('factoryId'), '/linkedServices/AzureLS')]"
			]
		},
		{
			"name": "[concat(parameters('factoryName'), '/AzureLS')]",
			"type": "Microsoft.DataFactory/factories/linkedServices",
			"apiVersion": "2018-06-01",
			"properties": {
				"annotations": [],
				"type": "AzureBlobFS",
				"typeProperties": {
					"url": "[parameters('AzureLS_properties_typeProperties_url')]",
					"accountKey": {
						"type": "SecureString",
						"value": "[parameters('AzureLS_accountKey')]"
					}
				}
			},
			"dependsOn": []
		},
		{
			"name": "[concat(parameters('factoryName'), '/GitData')]",
			"type": "Microsoft.DataFactory/factories/linkedServices",
			"apiVersion": "2018-06-01",
			"properties": {
				"annotations": [],
				"type": "HttpServer",
				"typeProperties": {
					"url": "[parameters('GitData_properties_typeProperties_url')]",
					"enableServerCertificateValidation": true,
					"authenticationType": "Anonymous"
				}
			},
			"dependsOn": []
		},
		{
			"name": "[concat(parameters('factoryName'), '/Selfhost')]",
			"type": "Microsoft.DataFactory/factories/integrationRuntimes",
			"apiVersion": "2018-06-01",
			"properties": {
				"type": "SelfHosted",
				"typeProperties": {}
			},
			"dependsOn": []
		}
	]
}