{
	"name": "azdpip",
	"properties": {
		"activities": [
			{
				"name": "Lookup1",
				"type": "Lookup",
				"dependsOn": [],
				"policy": {
					"timeout": "0.12:00:00",
					"retry": 0,
					"retryIntervalInSeconds": 30,
					"secureOutput": false,
					"secureInput": false
				},
				"userProperties": [],
				"typeProperties": {
					"source": {
						"type": "JsonSource",
						"storeSettings": {
							"type": "AzureBlobFSReadSettings",
							"recursive": true,
							"enablePartitionDiscovery": false
						},
						"formatSettings": {
							"type": "JsonReadSettings"
						}
					},
					"dataset": {
						"referenceName": "pjson",
						"type": "DatasetReference"
					},
					"firstRowOnly": false
				}
			},
			{
				"name": "ForEachcsv",
				"type": "ForEach",
				"dependsOn": [
					{
						"activity": "Lookup1",
						"dependencyConditions": [
							"Succeeded"
						]
					}
				],
				"userProperties": [],
				"typeProperties": {
					"items": {
						"value": "@activity('Lookup1').output.value",
						"type": "Expression"
					},
					"activities": [
						{
							"name": "GettoBronz",
							"type": "Copy",
							"dependsOn": [],
							"policy": {
								"timeout": "0.12:00:00",
								"retry": 0,
								"retryIntervalInSeconds": 30,
								"secureOutput": false,
								"secureInput": false
							},
							"userProperties": [],
							"typeProperties": {
								"source": {
									"type": "DelimitedTextSource",
									"storeSettings": {
										"type": "HttpReadSettings",
										"requestMethod": "GET"
									},
									"formatSettings": {
										"type": "DelimitedTextReadSettings"
									}
								},
								"sink": {
									"type": "ParquetSink",
									"storeSettings": {
										"type": "AzureBlobFSWriteSettings"
									},
									"formatSettings": {
										"type": "ParquetWriteSettings"
									}
								},
								"enableStaging": false,
								"enableSkipIncompatibleRow": true,
								"logSettings": {
									"enableCopyActivityLog": true,
									"copyActivityLogSettings": {
										"logLevel": "Warning",
										"enableReliableLogging": false
									},
									"logLocationSettings": {
										"linkedServiceName": {
											"referenceName": "AzureLS",
											"type": "LinkedServiceReference"
										}
									}
								},
								"translator": {
									"type": "TabularTranslator",
									"typeConversion": true,
									"typeConversionSettings": {
										"allowDataTruncation": true,
										"treatBooleanAsNumber": false
									}
								}
							},
							"inputs": [
								{
									"referenceName": "gitdata1",
									"type": "DatasetReference",
									"parameters": {
										"p_files": {
											"value": "@item().p_rel_url",
											"type": "Expression"
										}
									}
								}
							],
							"outputs": [
								{
									"referenceName": "Parquet1",
									"type": "DatasetReference",
									"parameters": {
										"p_folder": {
											"value": "@item().p_folder",
											"type": "Expression"
										},
										"p_file": {
											"value": "@item().p_file",
											"type": "Expression"
										}
									}
								}
							]
						}
					]
				}
			}
		],
		"annotations": [],
		"lastPublishTime": "2025-03-30T21:51:02Z"
	},
	"type": "Microsoft.DataFactory/factories/pipelines"
}