{
	"name": "highad",
	"properties": {
		"activities": [
			{
				"name": "Get Metadata",
				"type": "GetMetadata",
				"dependsOn": [],
				"policy": {
					"timeout": "0.12:00:00",
					"retry": 0,
					"retryIntervalInSeconds": 30,
					"secureOutput": false,
					"secureInput": false
				},
				"userProperties": [],
				"typeProperties": {
					"dataset": {
						"referenceName": "Azcsv",
						"type": "DatasetReference"
					},
					"fieldList": [
						"childItems"
					],
					"storeSettings": {
						"type": "AzureBlobFSReadSettings",
						"recursive": true,
						"enablePartitionDiscovery": false
					},
					"formatSettings": {
						"type": "DelimitedTextReadSettings"
					}
				}
			},
			{
				"name": "ForEach",
				"type": "ForEach",
				"dependsOn": [
					{
						"activity": "Get Metadata",
						"dependencyConditions": [
							"Succeeded"
						]
					}
				],
				"userProperties": [],
				"typeProperties": {
					"items": {
						"value": "@activity('Get Metadata').output.childItems",
						"type": "Expression"
					},
					"activities": [
						{
							"name": "If Condition",
							"type": "IfCondition",
							"dependsOn": [],
							"userProperties": [],
							"typeProperties": {
								"expression": {
									"value": "@and(equals(item().name,'nocs.csv'),equals(item().Type,'File' ))",
									"type": "Expression"
								},
								"ifFalseActivities": [
									{
										"name": "Append variable",
										"type": "AppendVariable",
										"dependsOn": [],
										"userProperties": [],
										"typeProperties": {
											"variableName": "v_file_arr",
											"value": {
												"value": "@item().name",
												"type": "Expression"
											}
										}
									}
								],
								"ifTrueActivities": [
									{
										"name": "Copy data1",
										"type": "Copy",
										"dependsOn": [],
										"policy": {
											"timeout": "0.12:00:00",
											"retry": 0,
											"retryIntervalInSeconds": 30,
											"secureOutput": false,
											"secureInput": false
										},
										"userProperties": [],
										"typeProperties": {
											"source": {
												"type": "DelimitedTextSource",
												"storeSettings": {
													"type": "AzureBlobFSReadSettings",
													"recursive": true,
													"enablePartitionDiscovery": false
												},
												"formatSettings": {
													"type": "DelimitedTextReadSettings"
												}
											},
											"sink": {
												"type": "DelimitedTextSink",
												"storeSettings": {
													"type": "AzureBlobFSWriteSettings"
												},
												"formatSettings": {
													"type": "DelimitedTextWriteSettings",
													"quoteAllText": true,
													"fileExtension": ".txt"
												}
											},
											"enableStaging": false,
											"translator": {
												"type": "TabularTranslator",
												"typeConversion": true,
												"typeConversionSettings": {
													"allowDataTruncation": true,
													"treatBooleanAsNumber": false
												}
											}
										},
										"inputs": [
											{
												"referenceName": "ads_csv",
												"type": "DatasetReference",
												"parameters": {
													"p_container": "source",
													"p_folder": "rawdata",
													"p_file": {
														"value": "@item().name",
														"type": "Expression"
													}
												}
											}
										],
										"outputs": [
											{
												"referenceName": "ads_csv",
												"type": "DatasetReference",
												"parameters": {
													"p_container": "silver",
													"p_folder": "nocs",
													"p_file": {
														"value": "@item().name",
														"type": "Expression"
													}
												}
											}
										]
									}
								]
							}
						}
					]
				}
			},
			{
				"name": "Set FileCount",
				"type": "SetVariable",
				"dependsOn": [
					{
						"activity": "ForEach",
						"dependencyConditions": [
							"Completed"
						]
					}
				],
				"policy": {
					"secureOutput": false,
					"secureInput": false
				},
				"userProperties": [],
				"typeProperties": {
					"variableName": "v_file_no",
					"value": {
						"value": "@length(variables('v_file_arr'))",
						"type": "Expression"
					}
				}
			},
			{
				"name": "Set FileName",
				"type": "SetVariable",
				"dependsOn": [
					{
						"activity": "ForEach",
						"dependencyConditions": [
							"Completed"
						]
					}
				],
				"policy": {
					"secureOutput": false,
					"secureInput": false
				},
				"userProperties": [],
				"typeProperties": {
					"variableName": "v_file_name",
					"value": {
						"value": "@string(variables('v_file_arr'))",
						"type": "Expression"
					}
				}
			}
		],
		"variables": {
			"v_file_name": {
				"type": "String"
			},
			"v_file_no": {
				"type": "Integer"
			},
			"v_file_arr": {
				"type": "Array"
			}
		},
		"annotations": [],
		"lastPublishTime": "2025-03-30T21:51:01Z"
	},
	"type": "Microsoft.DataFactory/factories/pipelines"
}