{
	"$schema": "http://schema.management.azure.com/schemas/2015-01-01/deploymentTemplate.json#",
	"contentVersion": "1.0.0.0",
	"parameters": {
		"factoryName": {
			"type": "string",
			"metadata": "Data Factory name",
			"defaultValue": "azureADF143"
		},
		"AzureLS_accountKey": {
			"type": "secureString",
			"metadata": "Secure string for 'accountKey' of 'AzureLS'"
		},
		"AzureLS_properties_typeProperties_url": {
			"type": "string",
			"defaultValue": "https://azuredevops143.dfs.core.windows.net/"
		},
		"GitData_properties_typeProperties_url": {
			"type": "string",
			"defaultValue": "https://raw.githubusercontent.com/"
		},
		"containerUri": {
			"type": "string",
			"metadata": "URI to storage account containing linked ARM templates"
		},
		"containerSasToken": {
			"type": "string",
			"metadata": "Sas token to storage account containing linked ARM templates"
		}
	},
	"variables": {
		"factoryId": "[concat('Microsoft.DataFactory/factories/', parameters('factoryName'))]"
	},
	"resources": [
		{
			"name": "azureADF143_ArmTemplate_0",
			"type": "Microsoft.Resources/deployments",
			"apiVersion": "2024-03-01",
			"properties": {
				"mode": "incremental",
				"templateLink": {
					"uri": "[concat(parameters('containerUri'), '/ArmTemplate_0.json', parameters('containerSasToken'))]",
					"contentVersion": "1.0.0.0"
				},
				"parameters": {
					"factoryName": {
						"value": "[parameters('factoryName')]"
					},
					"AzureLS_accountKey": {
						"value": "[parameters('AzureLS_accountKey')]"
					},
					"AzureLS_properties_typeProperties_url": {
						"value": "[parameters('AzureLS_properties_typeProperties_url')]"
					},
					"GitData_properties_typeProperties_url": {
						"value": "[parameters('GitData_properties_typeProperties_url')]"
					}
				}
			},
			"dependsOn": []
		}
	]
}