{
	"$schema": "https://schema.management.azure.com/schemas/2015-01-01/deploymentParameters.json#",
	"contentVersion": "1.0.0.0",
	"parameters": {
		"factoryName": {
			"value": "azureADF143"
		},
		"AzureLS_accountKey": {
			"value": ""
		},
		"AzureLS_properties_typeProperties_url": {
			"value": "https://azuredevops143.dfs.core.windows.net/"
		},
		"GitData_properties_typeProperties_url": {
			"value": "https://raw.githubusercontent.com/"
		},
		"containerUri": {
			"value": ""
		},
		"containerSasToken": {
			"value": ""
		}
	}
}